Manager ID,Manager Name
2,2POINT2 CAPITAL ADVISORS LLP
3,4A SECURITIES
4,A C CHOKSI SHARE BROKERS PRIVATE LIMITED
5,A. K. WEALTH MANAGEMENT PRIVATE LIMITED
6,AAROHAN HOLDINGS AND ADVISORS PRIVATE LIMITED
7,Abakkus Asset Manager LLP
8,ABANS BROKING SERVICES PRIVATE LIMITED
9,ABCHLOR INVESTMENT ADVISORS PRIVATE LIMITED
10,ABN AMRO ASSET MANAGEMENT (I) LTD.
11,ABN AMRO BANK  N.V.
12,ABN AMRO BANK N.V.
13,ACCURACAP CONSULTANCY SERVICES PRIVATE LIMITED
14,ACEPRO ADVISORS PRIVATE LIMITED
15,ACHINTYA SECURITIES PRIVATE LIMITED
16,Action Financial Services (India) Ltd.
17,Acumen Capital Market (India) Limited
18,Ada Sustainable Investment Services Private Limited
19,ADITYA BIRLA MONEY LIMITED
20,ADROIT FINANCIAL SERVICES PRIVATE LIMITED
21,AEQUITAS INVESTMENT CONSULTANCY PRIVATE LIMITED
22,Agreya Capital Advisors LLP
23,AIG Global Asset Management Company (India) Pvt. Ltd.
24,AJMERA ASSOCIATES LIMITED
25,ALANKIT ASSIGNMENTS LTD.
26,ALCHEMY CAPITAL MANAGEMENT PRIVATE LTD
27,ALDER CAPITAL ADVISORS LLP
28,ALFACCURATE ADVISORS PVT. LTD.
29,ALLEGRO CAPITAL ADVISORS PVT LTD
30,ALLIANCE FUNDSS MGT.LTD
31,ALMONDZ GLOBAL SECURITIES LIMITED
32,ALPHA ALTERNATIVES FUND ADVISORS LLP
33,ALPHA CAPITAL ADVISORS PVT. LTD.
34,ALTITUDE CAPITAL ADVISORS PRIVATE LIMITED
35,AMBIT CAPITAL PRIVATE LTD
36,AMBIT INVESTMENT ADVISORS PRIVATE LIMITED
37,AMIDEEP WEALTH MANAGEMENT PVT LTD
38,AMIT JASANI FINANCIAL SERVICES PVT LTD
39,AMIT JASANI FINANCIAL SERVICES PVT LTD.
40,AMJ STOCK BROKERS PRIVATE LIMITED
41,Amrapali Aadya Trading and Investment Pvt. Ltd.
42,AMTIGER CONSULTANTS PRIVATE LIMITED
43,ANAGRAM STOCKBROKING LIMITED
44,ANAND RATHI ADVISORS LIMITED
45,ANGEL BROKING LTD.
46,ANIVED PORTFOLIO MANAGERS PVT. LTD.
47,ANMOL FINSEC LIMITED
48,ANTIQUE STOCK BROKING LIMITED
49,ANTIQUE STOCK BROKING LTD
50,ANUGRAH STOCK & BROKING PVT. LTD
51,ANVIL WEALTH MANAGEMENT PVT LTD
52,APEEJAY SECURITIES PRIVATE LIMITED
53,Apollo Finvest (India) Limited
54,APOLLO SINDHOORI CAPITAL INVESTMENT LIMITED
55,Aquamarine Investment Managers LLP
56,Arcadia Share & Stock Brokers Pvt Ltd
57,ARCH FINANCE LTD
58,ARIHANT ASSET MANAGEMENT LIMITED
59,ARIHANT CAPITAL MARKETS LTD.
60,ARISTON CAPITAL SERVICES PRIVATE LIMITED
61,Arthveda Fund Management Private Limited
62,ASHIKA STOCK BROKING LIMITED
63,ASHIKA STOCK BROKING LTD
64,ASHLAR SECURITIES PVT. LTD.
65,Ashok Leyland Investment Services Ltd.
66,ASHWANI GUJRAL INVESTMENT & PORTFOLIO MANAGEMENT PVT. LTD.
67,ASIAN MARKETS SECURITIES PRIVATE LIMITED
68,Asit C Mehta Investment Interrmediates Ltd.
69,Asit C. Mehta Investment Interrmediates Limited
70,ASK INVESTMENT MANAGERS LIMITED
71,ASK Property Investment Advisors Private Limited
72,ASK WEALTH ADVISORS PRIVATE LIMITED
73,ASTER BUSINESS RESEARCH PVT. LTD.
74,ASTUTE INVESTMENT MANAGEMENT PRIVATE LIMITED
75,Aten Portfolio Managers Private Limited
76,ATLAS INTEGRATED FINANCE LTD
77,Atman Capital Management Private Limited
78,ATS WEALTH MANAGERS PRIVATE LIMITED
79,ATS WEALTH MANAGERS PRIVATE LIMITED
80,AUM CAPITAL MARKET PRIVATE LIMITED
81,AUROCH INVESTMENT MANAGERS PRIVATE LIMITED
82,AVANT GARDE WEALTH MANAGEMENT PVT. LTD.
83,Avendus Capital Public Markets Alternate Strategies LLP
84,AVENDUS PE INVESTMENT ADVISORS PRIVATE LIMITED
85,Avendus Wealth Management Private Limited
86,AVENDUS WEALTH MANAGEMENT PRIVATE LTD
87,Avestha Fund Management LLP
88,Avezo Advisors Private Limited
89,AVEZO ADVISORS PRIVATE LIMITED
90,Awriga Capital Advisors LLP
91,AXIS ASSET MANAGEMENT COMPANY LIMITED
92,AXIS SCEURITIES LIMITED
93,BADJATE STOCK & SHARES PVT. LTD
94,Baljit Securities Private Limited
95,BANG EQUITY BROKING PVT. LTD.
96,BANHEM SECURITIES PVT. LTD.
97,Bank of Madura Ltd.
98,BANYAN CAPITAL ADVISORS PRIVATE LIMITED
99,BANYAN TREE ADVISORS PRIVATE LIMITED
100,Barclays Bank Plc
101,BARCLAYS SECURITIES (INDIA) PRIVATE LIMITED
102,BASAN EQUITY BROKING LIMITED
103,BASANT MAHESHWARI WEALTH ADVISERS LLP
104,BAY CAPITAL INVESTMENT ADVISORS PRIVATE LIMITED
105,Bay Capital Investment Managers Private Limited
106,BCB Capital Advisors Private Limited
107,BELLWETHER CAPITAL PRIVATE LIMITED
108,BENCHMARK ASSET MANAGEMENT COMPANY PVT LTD
109,Betala Global Securities Ltd
110,BHANA EQUITY ADVISORS LLP
111,Bharat Forge Ltd.
112,Bharti AXA Investment Managers Private Ltd.
113,BIRLA SUN LIFE ASSET MANAGEMENT COMPANY LIMITED
114,Blue Blends Finance Ltd.
115,BMA WEALTH CREATORS LTD
116,BNP PARIBAS (BANQUE NATIONALE DE PARIS-INDIA)
117,BNP PARIBAS ASSET MANAGEMENT INDIA PRIVATE LIMITED
118,BNP PARIBAS INVESTMENT SERVICES INDIA PVT LTD
119,BOB Capital Markets Ltd.
120,BOI AXA Investment Managers Private Limited
121,BONANZA PORTFOLIO LIMITED
122,Brahma Capital Advisory Services Pvt Ltd
123,Brescon Financial Services Limited
124,BRICS SECURITIES LIMITED
125,Bullero Capital Private Limited
126,Bulls & Bears Financial Ltd
127,BUOYANT CAPITAL PRIVATE LIMITED
128,CALIBRE FINANCIAL SERVICES LTD
129,Calsita Futuristic Ser Ltd
130,CAMEO WEALTH MANAGEMENT SERVICES LTD
131,CANARA ROBECO ASSET MANAGEMENT COMPANY LIMITED
132,Capgrow Capital Advisors LLP
133,CAPSTOCKS AND SECURITIES (INDIA) PRIVATE
134,CARE PORTFOLIO MANAGERS PRIVATE LIMITED
135,CARE PORTFOLIO MANAGERS PVT. LTD
136,Carnelian Asset Advisors LLP
137,Catalytic Solution and Management Services Private Limited
138,CD CAPITAL MARKETS LTD
139,CD Research (P) Ltd
140,Ceat Financial Services Ltd.
141,CENTRAL FINANCE LTD
142,Centrum Alternatives LLP
143,CENTRUM BROKING LIMITED
144,CENTRUM BROKING PRIVATE LTD
145,Chanakya Capital Services Private Limited
146,Choice Portfolio Management Services Private Limited. 
147,CHOLAMANDALAM SECURITIES LIMITED
148,CHONA FINANCIAL SERVICES PRIVATE LTD.
149,CIFCO LTD
150,CITIGROUP GLOBAL MARKETS INDIA PRIVATE LTD
151,Clarity Financial Services Ltd
152,CLUBMILLIONAIRE FINANCIAL SERVICES PRIVATE LIMITED
153,Coast Redwood Advisors Private Limited
154,COMPOSITE INVESTMENTS PRIVATE LIMITED
155,COMPOUND EVERYDAY CAPITAL MANAGEMENT LLP
156,CONCEPT INVESTWELL PRIVATE LIMITED  
157,CONCEPT SECURITIES PRIVATE LIMITED
158,CONSORTIUM SECURITIES PVT. LTD.
159,Continental Exim & Fin Ser Ltd
160,CONVEXITY SOLUTIONS AND ADVISORS PRIVATE LIMITED
161,Corestrat Heramb LLP
162,Corporation Bank
163,COUNTER CYCLICAL INVESTMENTS PRIVATE LIMITED
164,CRB Capital Markets Ltd.
165,Credent Asset Management Services Private Limited
166,"CREDIT SUISSE SECURITIES (INDIA) PRIVATE LIMITED (""CS INDIA"")"
167,CRESCITA INVESTMENT MANAGEMENT PRIVATE LIMITED
168,CREST WEALTH MANAGEMENT PRIVATE LIMITED
169,Crest Wealth Management Private Limited
170,DAIWA PORTFOLIO ADVISORY (INDIA) PRIVATE LIMITED
171,DAIWA PORTFOLIO ADVISORY (INDIA) PRIVATE LIMITED
172,DALAL & BROACHA STOCK BROKING PVT. LTD.
173,Dalmia Securities pvt ltd
174,DARASHAW & COMPANY LTD
175,DAWNAY DAY AV FINANCIAL SERVICES PVT. LTD
176,DBS Cholamandalam Asset Management Ltd.
177,Decimal Wealth Partners Pvt Ltd
178,Derivium Tradition Securities (India) Pvt. Ltd.
179,Destimoney India Services Private Limited
180,Deutche Asset Management India Private Limited
181,DEUTSCHE BANK AG
182,DEUTSCHE INVESTMENTS INDIA PRIVATE LIMITED
183,DGS CAPITAL MANAGEMENT PRIVATE LIMITED
184,DHANADA PORTFOLIO MANAGEMENT LTD
185,DHFL PRAMERICA ASSET MANAGERS PRIVATE LIMITED
186,Dil Vikas Finance Ltd.
187,DMZ Partners Investment Management LLP
188,DOHA BROKERAGE AND FINANCIAL SERVICES LTD
189,Doogar & Associates Ltd.
190,DSJ Finance Corp. Ltd.
191,DSP BlackRock Investment Managers Private Limited
192,DSP Merrill Lynch Limited
193,DSP MERRILL LYNCH LTD
194,Dugar Finance India Ltd.
195,DUNDEE INVESTMENT MANAGEMENT & RESEARCH
196,DUTT CAPITAL ADVISORS PRIVATE LIMITED
197,DYNAMIC EQUITIES PRIVATE LIMITED
198,East India Securities Ltd
199,EDELWEISS ASSET MANAGEMENT LIMITED
200,Edelweiss Asset Management Limited
201,EDELWEISS GLOBAL WEALTH MANAGEMENT LIMITED
202,EFG WEALTH MANAGEMENT (INDIA) PRIVATE LIMITED
203,EKLAVYA CAPITAL ADVISORS LLP
204,ELITE WEALTH ADVISORS LIMITED
205,ELIXIR EQUITIES PVT. LTD.
206,ELYSIUM INVESTMENT ADVISORS LLP
207,EMKAY INVESTMENT MANAGERS LIMITED
208,Emkay Investment Managers Limited
209,ENAM ASSET MANAGEMENT CO.PVT.LTD
210,ENAM SECURITIES DIRECT PRIVATE LIMITED
211,Entrust Family Office Investment Advisors Private Limited
212,ENVISION CAPITAL ADVISORS PVT. LTD.
213,ENVISION CAPITAL SERVICES PVT.LTD.
214,Equinomics Research & Advisory Private Limited
215,EQUIRUS SECURITIES PRIVATE LIMITED
216,Equirus Securities Private Limited
217,Equitree Capital Advisors Private Limited
218,EQUITY INTELLIGENCE INDIA PVT. LTD.
219,ESCORP ASSET MANAGEMENT LIMITED
220,Escorts Financial Services Ltd.
221,ESCORTS SECURITIES LIMITED
222,Essel Finance Portfolio Managers Private Limited
223,ESTEE ADVISORS PVT LTD.
224,EUREKA PORTFOLIO MANAGEMENT SERVICES PVT LTD
225,Eureka Portfolio Management Services Pvt. Ltd.
226,Exclusive Securities Limited
227,FAIRWEALTH SECURITIES (P) LTD.
228,FALCON BROKERAGE PRIVATE LTD
229,FCH Centrum Wealth Managers Limited
230,FE SECURITIES PVT. LTD.
231,Ficus Mercantile Limited
232,FINQUEST SECURITIES P LTD
233,First Global Finance Pvt Ltd
234,FIRST GLOBAL STOCKBROKING (P) LTD.
235,FIRST GLOBAL STOCKBROKING PVT LTD
236,FIVE RIVERS PORTFOLIO MANAGERS PRIVATE LIMITED
237,FLORINTREE ADVISORS PRIVATE LIMITED
238,Focus Shares & Securities Pvt. Ltd.
239,Forefront Capital Management Private Limited
240,Fort Capital Investment Advisory Private Limited
241,FORTIS INVESTMENT MANAGEMENT (INDIA) PRIVATE LIMITED
242,FORTUNE FINANCIAL SERVICES (INDIA) LIMITED
243,Fortune Wealth Management Co (I) Pvt Ltd
244,FRANKLIN TEMPLETON ASSET MANAGEMENT (INDIA) PRIVATE LIMITED
245,FRONTLINE CAPITAL SERVICES LIMITED
246,FRR Shares And Securities Ltd.
247,FUTURE CAPITAL HOLDINGS LIMITED
248,G.M.MERCHANT BANKING AND FINANCIAL SERVI
249,GEOJIT FINANCIAL SERVICES LIMITED
250,GEOJIT FINANCIAL SERVICES LIMITED
251,GEOJIT FINANCIAL SERVICES LTD
252,GEPL CAPITAL PRIVATE LIMITED
253,GHALLA BHANSALI STOCK BROKERS PRIVATE LIMITED
254,GILTEDGE PORTFOLIO MANAGEMENT SERVICES L
255,GIRIK WEALTH ADVISORS PRIVATE LIMITED
256,GLOBALWORTH SECURITIES LIMITED
257,GLOBE CAPITAL MARKET LTD.
258,GLOVISTA ENTERPRISE PVT. LTD.
259,GOCAPITAL FINANCE LIMITED
260,GOGIA INTERNATIONAL SECURITIES LTD.
261,Goldcrest  Finance (India) Ltd
262,Goldman Sachs Asset Management (India) Private Ltd
263,GOLDMINE STOCKS PVT. LTD.
264,Green Lantern Capital LLP
265,GREEN PORTFOLIO PRIVATE LIMITED
266,GROVALUE FINANCIAL SERVICES PRIVATE LIMITED
267,Gryffon Investment Advisors Pvt. Ltd.
268,GUARDIAN ADVISORS PVT LTD
269,GUARDIAN ADVISORS PVT LTD
270,Guardian Asset Management Private Limited
271,GUINESS PORTFOLIO MANAGEMENT SERVICES PRIVATE LIMITED
272,GUINESS PORTFOLIO MANAGEMENT SERVICES PVT. LTD.
273,Hanut Alternate Investments LLP
274,HARITA INVTS PVT.LTD
275,HARMONEY WEALTH ADVISORY SERVICES INDIA PVT LTD
276,Harvest Financials Limited
277,HB Portfolio Limited
278,HDFC ASSET MANAGEMENT COMPANY LTD
279,HDFC BANK LTD
280,HDFC BANK LTD.
281,HDFC SECURITIES LIMITED
282,HEDGE EQUITIES LTD
283,Helios Capital Management India LLP  
284,Hem Securities Limited
285,HERCULES CAPITAL ADVISORS P. LTD.
286,Hoffland Finance Ltd
287,Hornic Investments Private Limited
288,HOUSING DEVELOPMENT FINANCE CORPN.LTD.
289,HSBC ASSET MANAGEMENT (INDIA) PVT. LTD.
290,HSBC INVESTDIRECT SECURITIES (INDIA) LIMITED
291,HUNTER WEALTH MANAGEMENT LLP
292,ICAN INVESTMENTS  ADVISORS LIMITED
293,ICDS Ltd.
294,ICICI BANK LTD.
295,ICICI INVESTMENT MANAGEMENT COMPANY LIMI
296,ICICI PRUDENTIAL ASSET MANAGEMENT COMPANY LTD.
297,ICICI SECURITIES LIMITED
298,ICICI SECURITIES PRIMARY DEALERSHIP LTD (FORMERLY ICICI SECURITIES LTD)
299,ICICI WEB TRADE LIMITED
300,IDBI CAPITAL MARKET SERVICES LTD
301,IDFC ASSET MANAGEMENT COMPANY LIMITED
302,IDFC ASSET MANAGEMENT COMPANY LIMITED
303,IFB SECURITIES LTD
304,IFCI Financial Services Limited
305,IIFL WEALTH ADVISORS INDIA LIMITED
306,IIFL WEALTH MANAGEMENT LIMITED
307,IIFL WEALTH PORTFOLIO MANAGERS LIMITED
308,IL&FS  PORTFOLIO MANAGEMENT SERVICES LIMITED.
309,IL&FS INVESTMENT MANAGERS LIMITED
310,IL&FS INVESTSMART LTD
311,Imperial Corporate Fin. & Serv. Pvt. Ltd
312,IMPETUS WEALTH MANAGMENT PVT LTD
313,Indbank Merchant Banking Services Ltd
314,Indgrowth Capital Advisors LLP
315,INDIA CAPITAL MARKETS PVT. LTD.
316,INDIA CAPITAL MARKETS PVT. LTD.
317,INDIA INFOLINE ASSET MANAGEMENT COMPANY LIMITED
318,INDIA INFOLINE LTD
319,INDIA INFOLINE SECURITIES PVT LTD
320,INDIA LIFE ASSET MANAGEMENT CO LTD
321,India Securities Ltd
322,INDIABULLS ASSET MANAGEMENT CO. LTD.
323,Indiabulls Securities Ltd.
324,IndiaNivesh Investment Managers Private Limited
325,Indira Securities Private Limited
326,INDSEC SECURITIES AND FINANCE LTD.
327,IndusInd Bank Ltd.
328,INFINITE FINANCIAL SER.P.LTD.
329,INFINITY ALTERNATIVES INVESTMENT MANAGERS PRIVATE LIMITED
330,INFRASTRUCTURE DEVELOPMENT FINANCE CO. L
331,INFRASTRUCTURE DEVELOPMENT FINANCE COMPA
332,INFRASTRUCTURE FINANCE COMPANY GUJARAT L
333,ING BANK N.V.
334,ING INVESTMENT MANAGEMENT (INDIA) PVT LT
335,ING VYSYA BANK LIMITED
336,INSIGHT ASSET MGT.I.PVT.LTD.
337,Integrated Finance Company Ltd.
338,INTERFACE FINANCIAL SERVICES LTD
339,Inventure Growth & Securities Limited
340,INVESCO ASSET MANAGEMENT (INDIA) PRIVATE LIMITED
341,Ispat Finance Ltd.
342,ITC AGRO-TECH FINANCE AND INVESTMENTS
343,ithought Financial consulting LLP
344,ITI Alternate Funds Management Limited
345,Itus Capital Advisors Pvt Ltd
346,J.J. BHABHERA SHARE BROKERS PVT. LTD.
347,J.M.SHARE & STOCK BROKERS LTD
348,JAIN INVESTMENT ADVISORS PVT. LTD
349,JAIN SECURITIES INTERNATIONAL LTD.
350,JAINAM SHARE CONSULTANTS PVT. LTD.
351,JANAK MERCHANT SECURITIES PVT LTD
352,Jasper Financial Services Private Limited
353,JAYPEE CAPITAL SERVICES LTD.
354,JEETAY INVESTMENTS PVT LTD
355,JIK Industries Limited.
356,JM FINANCIAL ASSET MANAGEMENT LTD.
357,JM FINANCIAL SERVICES  LTD
358,JOINDRE CAPITAL SERVICES LIMITED
359,JOINDRE CAPITAL SERVICES LIMITED
360,JRG Securities Ltd
361,Julius Baer Wealth Advisors India Private Limited
362,K M CAPITAL LTD
363,Kantilal Chhaganlal Securities Pvt. Ltd
364,KARMA CAPITAL ADVISORS PVT. LTD.
365,KARVY CAPITAL LIMITED
366,KARVY STOCK BROKING LTD.
367,KB CAPITAL MARKETS PVT. LTD.
368,Kedia Shares & Stocks Brokers Ltd
369,KEYNOTE CAPITALS LIMITED
370,Keynote Capitals Limited
371,Keynote Corporate Services Limited
372,KHANDWALA SECURITIES LTD
373,KIFS SECURITIES PVT. LTD.
374,KJMC Financial Services Ltd
375,KKR India Financial Services Private Limited
376,Klay Securities Private Limited
377,KOTAK INVESTMENT ADVISORS LIMITED
378,KOTAK MAHINDRA ASSET MANAGEMENT COMPANY LTD
379,Kotak Mahindra Bank Limited
380,KOTAK MAHINDRA FINANCE LTD
381,KOTAK SECURITIES LTD
382,KRCHOKSEY SHARES AND SECURITIES PRIVATE LIMITED
383,Kriis Portfolio Pvt. Ltd.
384,KRONE RESEARCH & BROKERAGE (P) LTD
385,KSEMA WEALTH MANAGEMENT PVT LTD
386,KUMAR SHARE BROKERS LIMITED
387,Kumar Share Brokers Limited
388,KUNVARJI FINSTOCK PRIVATE LIMITED
389,KUNVARJI FINSTOCK PVT. LTD
390,L&T CAPITAL MARKETS LTD
391,L&T INVESTMENT MANAGEMENT LIMITED
392,Laburnum Capital Advisors Private Limited
393,lakewater advisors private limited
394,Landmark Capital Advisors Private Limited
395,LANDMARK CAPITAL ADVISORS PRIVATE LIMITED
396,LAPIS INDIA CAPITAL ADVISORS PRIVATE LIMITED
397,LATIN MANHARLAL SECURITIES PVT. LTD.
398,LFS BROKING PRIVATE LIMITED
399,Libord Finance Ltd.
400,LIC MUTUAL FUND ASSET MANAGEMENT LTD
401,LIC MUTUAL FUND ASSET MANAGEMENT LTD
402,LKP SECURITIES LTD
403,LKP SHARES & SECURITIES LTD
404,LKS Murthy Inv.& Fin.Cons.P.Ltd
405,Lloyds Finance Limited
406,LogicTree Investment Advisers Private Limited
407,M HIND FINANCIAL SERVICES PVT LTD
408,M/S JHP SECURITIES PRIVATE LIMITED
409,M/s JHP Securities Private Limited
410,M/s. Religare Macquarie Wealth Management Limited
411,"M/S.ASTEYA INVESTMENT MANAGERS LLP,"
412,Mafatlal Finance Co. Ltd.
413,MAFATLAL SECURITIES LTD
414,MAGUS CAPITAL SERVICES PRIVATE LIMITED
415,MAIA FINANCIAL SERVICES PRIVATE LIMITED
416,MAJORTREND CAPITAL PVT LTD
417,MANGAL KESHAV SECURITIES LIMITED
418,Mangal Keshav Securities Limited
419,MANSUKH SECURITIES & FINANCE LIMITED
420,MAPE SECURITIES PRIVATE LIMITED
421,Marathon Trends Advisory Private Limited
422,Marcellus Investment Managers Private Limited
423,MARFATIA STOCK BROKING PRIVATE LIMITED
424,Marg Securities Limited.
425,MARKET CREATORS LTD
426,Market Creators Ltd.
427,MARWADI SHARES & FINANCE LTD.
428,MASTER PORTFOLIO SERVICES LTD
429,MATA SECURIITIES INDIA  PRIVATE LIMITED
430,MATA SECURITIES INDIA PRIVATE LTD
431,MATHS CAPITAL MANAGEMENT PVT. LTD.
432,Maximus Capital Research Pvt. Ltd.
433,MCC Finance Ltd. (Foresight Financial Se
434,MEFCOM CAPITAL MARKETS LTD
435,MEGACORPS LEASE FINANCE LTD
436,MEHTA EQUITIES LIMITED
437,MEHTA EQUITIES LTD.
438,Merbanc Financial Ser Ltd
439,MERCANTILE SECURITIES LTD.
440,Merisis Advisors Private Limited
441,MF GLOBAL SIFY SECURITIES INDIA PRIVATE LTD
442,MICROSEC CAPITAL LIMITED
443,MICROSEC WEALTH MANAGEMENT LIMITED 
444,MIDEAST PORTFOLIO  MANAGEMENT LTD.
445,MIDEAST PORTFOLIO MANAGEMENT LTD
446,MILESTONE CAPITAL ADVISORS PRIVATE LIMITED
447,MILI CAPITAL MANAGEMENT PVT. LTD.
448,MILLENNIUM FINANCE LTD.
449,Milton Finance Ltd
450,Mittal Analytics Private Limited
451,MIV INVESTMENT SERVICES PVT. LTD.
452,MOAT FINANCIAL SERVICES PRIVATE LIMITED
453,MODERN SHARES AND STOCK BROKERS LTD
454,Monarch Networth Capital Limited
455,MONEYBEE SECURITIES PRIVATE LIMITED
456,MONEYCARE FINANZ PVT.LTD
457,MONEYCARE SECURITIES & FINANCIAL SERVICE LTD
458,MONEYCARE SECURITIES AND FINANCIAL SERVICES LTD
459,Moneylife Advisory Services Pvt Ltd
460,MOPE INVESTMENT ADVISORS PRIVATE LIMITED
461,MORGAN STANLEY INDIA FINANCIAL SERVICES PRIVATE LIMITED
462,MORNINGSTAR INVESTMENT ADVISER INDIA PRIVATE LIMITED
463,MOTILAL OSWAL ASSET MANAGEMENT COMPANY LIMITED
464,Motilal Oswal Capital Limited
465,Motilal Oswal Financial Services Limited
466,MOTILAL OSWAL WEALTH MANAGEMENT LIMITED
467,MRG INVESTMENT PARTNERS PRIVATE LIMITED
468,Mukesh Babu Financial Services Ltd.
469,MULTI-ACT EQUITY CONSULTANCY PVT LTD
470,MUNOTH FINANCIAL SERVICES LTD
471,Muthoot Securities Limited
472,NALANDA SECURITIES PVT. LTD.
473,NARNOLIA FINANCIAL ADVISORS LTD
474,Narnolia Securities Ltd.
475,NARNOLIA VELOX ADVISORY LIMITED
476,NEGEN CAPITAL SERVICES PRIVATE LIMITED
477,Neminath Portfolio Management Services Private Limited
478,Networth Finance Ltd
479,NETWORTH STOCK BROKING LTD
480,NEW BERRY CAPITALS PVT. LTD.
481,NEW HORIZON WEALTH MANAGEMENT PRIVATE LIMITED
482,NINE RIVERS CAPITAL HOLDINGS PRIVATE LIMITED
483,NIPRA FINANCIAL SERVICES PRIVATE LIMITED
484,NIPUN INVESTMENTS MANAGERS  PVT LIMITED
485,NIRMAL BANG SECURITIES PRIVATE LIMITED
486,NJ ADVISORY SERVICES PRIVATE LIMITED
487,Novastar Fund Advisors Private Limited
488,NUCLEUS SECURITIES LTD
489,O3 SECURITIES PRIVATE LIMITED
490,OAKLANE CAPITAL MANAGEMENT LLP
491,OCEAN DIAL ASSET MANAGEMENT INDIA PRIVATE LIMITED
492,OHM PORTFOLIO EQUI RESEARCH PVT LTD.
493,OLD BRIDGE CAPITAL MANAGEMENT PVT. LTD.
494,ONE THIRTY CAPITAL PRIVATE LIMITED
495,Onelife Capital Advisors Pvt Ltd.
496,ORBIS FINANCIAL SERVICES PVT. LTD.
497,ORO ASSET MANAGEMENT PRIVATE LIMITED
498,Oxford International Finance (I) Ltd.
499,OXUS INVESTMENTS PVT LTD
500,P N VIJAY FINANCIAL SERVICES PVT LTD
501,P.C.S SECURITIES LIMITED
502,PACE FINANCIAL INVESTMENT ADVISER PRIVATE LIMITED
503,PACE STOCK BROKING SERVICES PVT LTD
504,PADMAKSHI FINANCIAL SERVICES LIMITED
505,Padmakshi Financial Services Pvt Ltd
506,PALSMITH INVESTMENT ADVISORY SERVICES PV
507,Pantomath Fund Managers Private Limited
508,PARAG PARIKH FINANCIAL ADVISORY SERVICE
509,PARAG PARIKH FINANCIAL ADVISORY SERVICES
510,PARSOLI CAPITAL & FINANCE LTD
511,PATCO INVESTMENTS AND CONSULTANCY SERVICES LTD
512,Paterson Securities Limited
513,PATERSON SECURITIES PRIVATE LTD
514,PEERLESS SECURITIES LIMITED
515,Pelican Holdings Private Limited
516,PENBROOK INVESTMENT MANAGER LLP
517,PENINSULAR CAPITAL MARKET LTD.
518,PGIM India Asset Management Private Limited
519,PHILLIPCAPITAL (INDIA) PRIVATE LIMITED
520,Photon Capital Advisors Ltd.
521,PIONEER INTERMEDIARIES PVT. LTD.
522,PIONEER INVESTCORP LIMITED
523,PIONEER WEALTH MANAGEMENT SERVICES LIMITED
524,Pioneer Wealth Management Services Limited
525,Pipal Capital Management Pvt. Ltd.
526,Piper Serica Advisors Private Limited 
527,Piramal Financial Services Limited
528,Piramal Fund Management Private Limited
529,PL Fund Advisors Pvt Ltd
530,Platinum Finance Limited
531,PNB Gilts Ltd.
532,PNR Capital Services Ltd
533,Popular Stock And Share Ser Ltd
534,PRABHUDAS LILLADHER PRIVATE LTD
535,PRABHUDAS LILLADHER PVT. LTD.
536,PRABODH ARTHA SANCHAY PVT LTD
537,PRAKALA WEALTH MANAGEMENT PRIVATE LIMITED
538,Pressman Ltd.
539,PRIME BROKING COMPANY (INDIA) LTD.
540,Primus Investment Advisors Private Limited
541,PRINCIPAL ASSET MANAGEMENT PVT LTD
542,PRITHVI FINMART PRIVATE LIMITED
543,PropShare Capital Advisors Private Limited
544,Prudential Capital Markets Ltd.
545,PSSG CAPITAL MANAGEMENT PRIVATE LIMITED
546,PUG SECURITIES PVT LTD
547,PUNEET ADVISORY SERVICES PVT. LTD.
548,Puneet Advisory Services Pvt. Ltd.
549,Purnartha Investment Advisers Pvt.Ltd.
550,QED CAPITAL ADVISORS LLP
551,QRC INVESTMENT ADVISORS LLP 
552,Quant Capital Advisors Private Limited
553,QUANT PORTFOLIO MANAGERS PRIVATE LIMITED
554,QUANTUM ADVISORS PVT.LTD.
555,QUANTUM SECURITIES PVT LTD
556,QUANTUM SECURITIES PVT.LTD
557,QUEST INVESTMENT ADVISORS PVT. LTD.
558,R. K. STOCKHOLDING PVT. LTD.
559,R. WADIWALA SECURITIES PRIVATE LIMITED
560,RADAR SEC LTD
561,RAJAN EQUITY ADVISORY PRIVATE LIMITED
562,RAJNISH GARG INVESTMENT ADVISORS LLP
563,Ratnabali Capital Markets Limited
564,RELIANCE CAPITAL ASSET MANAGEMENT LTD
565,RELIANCE WEALTH MANAGEMENT LIMITED
566,Relic Finance Ltd.
567,Religare Invesco Asset Management Company Pvt Ltd.
568,Religare Portfolio Managers and Advisors Private Limited
569,RENAISSANCE INVESTMENT MANAGERS PRIVATE LIMITED
570,REVELATION PORTFOLIO MANAGEMENT PVT. LTD.
571,RGAM CORPORATION PVT LTD
572,RIGHT HORIZONS PORTFOLIO MANAGEMENT PRIVATE LIMITED
573,RISHABH STOCK BROKING SERVICES P. LTD.
574,ROHA ASSET MANAGERS LLP
575,ROULAC INDIA INVESTMENT ADVISORY PRIVATE LIMITED
576,ROWAN CAPITAL ADVISORS LLP
577,SAFFRON GLOBAL MARKETS PRIVATE LIMITED
578,SAGEONE INVESTMENT ADVISORS LLP
579,Sageone Investment Advisors LLP
580,Sahara Asset Management Co. Pvt. Ltd
581,SAI SOFT SECURITIES LTD
582,SALORA FINANCE LTD
583,SAMEEKSHA CAPITAL PRIVATE LIMITED
584,SAMVITTI CAPITAL PRIVATE LIMITED
585,SANCTUM WEALTH MANAGEMENT PRIVATE LIMITED
586,SATCO CAPITAL MARKETS LTD
587,SATCO SECURITIES & FINANCIAL SERVICES LTD.
588,SAVVY CAPITAL ADVISORS LLP
589,SBI CAPITAL MARKETS LIMITED
590,SBI FUNDS MANAGEMENT PVT LTD
591,SBICAP SECURITIES LIMITED
592,SBICAP Securities Limited
593,Scient Capital Private Limited
594,SECURITIES INVESTMENT MANAGEMENT PRIVATE LIMITED
595,SECURITIES TRADING CORPORATION OF INDIA
596,SEERS FUND MANAGEMENT PRIVATE LIMITED
597,SELECT SECURITIES LIMITED
598,SERAPHIC MANAGEMENT & ADVISORY PRIVATE LIMITED
599,SETHI FUNDS MANAGEMENT PVT. LTD
600,SFG Capital Advisors LLP
601,SG WEALTH MANAGEMENT SOLUTIONS PRIVATE LIMITED
602,SHADE CAPITAL PRIVATE LIMITED
603,SHADE CAPITAL PRIVATE LIMITED
604,Shah Investor's Home Ltd
605,SHARE INDIA SECURITIES LIMITED
606,SHAREKHAN LIMITED
607,Sharekhan Limited
608,Sharyans Wealth Management Pvt. Ltd.
609,SHCIL Services Ltd
610,SHEPHERDS HILL FINANCIAL ADVISORS LLP
611,SHESHANKA FINANCIAL SERVICES PVT LTD
612,SHINSEI ASSET MANAGEMENT (INDIA) PRIVATE LIMITED
613,SHREYAS STOCKS PRIVATE LTD
614,SHRI PARASRAM HOLDING PRIVATE LIMITED
615,SHRIRAM INSIGHT SHARE BROKERS LIMITED
616,Shriram Investment Services Ltd.
617,SHROFF SECURITIES PRIVATE LIMITED
618,SILVERARCH INVESTMENT ADVISERS PRIVATE LIMITED
619,SIRIUS ADVISORS PRIVATE LIMITED
620,SIVAN SECURITIES PVT LTD
621,SIXTH SENSE VENTURE ADVISORS LLP
622,SKI Capital Services Ltd.
623,SKP SECURITIES LIMITED
624,SKP Securities Ltd.
625,SKS Capital & Research Pvt. Ltd.
626,SmartOwner Services India Pvt. Ltd.
627,SMC Global Securities Limited
628,SMC INVESTMENTS AND ADVISORS LIMITED
629,SMC Wealth Management Services Limited
630,SMS FINANCIAL SERVICES PVT. LTD.
631,SOCIETE GENERALE
632,SOLDIERS FIELD INVESTMENTS PRIVATE LIMITED
633,SOLIDARITY ADVISORS PRIVATE LIMITED
634,SOMAYAJULU & CO LTD
635,SPA CAPITAL ADVISORS LIMITED
636,SPA SECURITIES LIMITED
637,SPAN CAPLEASE PVT. LTD.
638,SPARK CAPITAL ADVISORS (I) PVT LTD
639,Spark Fund Managers Private Limited
640,SPFL SECURITIES LTD.
641,SRF Finance Ltd.
642,STALLION ASSET PRIVATE LIMITED
643,STAMPEDE CAPITAL LIMITED
644,STANDARD CHARTERED - STCI CAPITAL MARKETS LTD
645,STANDARD CHARTERED ASSET MGT COMPANY PVT
646,STANDARD CHARTERED BANK
647,STANDARD CHARTERED SECURITIES (INDIA) LIMITED
648,STAR FINVEST PVT. LTD.
649,STATE BANK OF INDIA
650,State Bank of Travancore
651,STCI PRIMARY DEALER LIMITED
652,Sterling Holiday Financial Services Ltd.
653,STERLING SECURITIES LTD
654,STEWART & MACKERTICH WEALTH MANAGEMENT LIMITED
655,STRATEGIC PORTFOLIO ADVISORY CO PVT LTD
656,Strugence Capital Advisors LLP
657,SUGAL & DAMANI SHARE BROKERS LTD.
658,SUMEDHA FISCAL SERVICES LIMITED
659,SUMPOORNA PORTFOLIO LIMITED
660,Sun & Hills Financial Services Pvt. Ltd.
661,Sundaram Alternate Assets Limited 
662,SUNDARAM ASSET MANAGEMENT COMPANY LTD.
663,Sunidhi Securities & Finance Limited
664,Supremus Capital Advisors LLP
665,SUREFIN FINANCIAL CONSULTANTS PVT. LTD
666,Suresh Rathi Securities Private Limited
667,SUSHANT CAPITALS LTD
668,SUSHIL FINANCE CONSULTANTS LTD.
669,SW1 Advisory Private Limited
670,Swastika Investmart Ltd
671,SYKES & RAY EQUITIES (I) LTD.
672,SYKES & RAY EQUITIES INDIA LIMITED
673,Syndicate Bank
674,SYNERGY CREDIT CORPORATION LTD
675,SYSTEMATIX SHARES AND STOCKS (INDIA) LIMITED
676,T.RAM FINANCIAL SERVICES PRIVATE LIMITED
677,TAIB CAPITAL CORPORATION
678,TAMOHARA INVESTMENT MANAGERS PRIVATE LIMITED
679,TATA ASSET MANAGEMENT  LIMITED
680,TATA CAPITAL LTD.
681,Tata Securities Ltd.
682,TAURUS ASSET MANAGEMENT CO. LTD.
683,TAURUS TREASURY MANAGEMENT SERVICES PRIVATE LIMITED
684,TCG ADVISORY SERVICES PRIVATE LIMITED
685,TCG Advisory Services Private Limited
686,TECHNO SHARES  AND SECURITIES LTD
687,THAUMATURGY CAPITAL SERVICES PRIVATE LIMITED
688,THE HONGKONG AND SHANGHAI BANKING CORPOR
689,The United Western Bank Ltd.
690,The Vysya Bank Limited
691,THIRANI SECURITIES PVT.LTD.
692,Times Guaranty Financials Ltd
693,TIPSONS CONSULTANCY SERVICES PRIVATE LIMITED
694,Tradebulls Securities Private Limited
695,TRANS INDIA CAPITAL MGT. & RESEARCH SER
696,TRICOLOR ADVISORY SERVICES PRIVATE LIMITED
697,TRIUMPH INTERNATIONAL FINANCE INDIA LTD.
698,TRIVANTAGE CAPITAL MANAGMENT INDIA PRIVATE LIMITED
699,TRUST INVESTMENT ADVISORS PVT. LTD.
700,TRUSTLINE HOLDING PVT. LTD.
701,TRUSTLINE SECURITIES LIMITED
702,TULSIAN PMS PRIVATE LIMITED
703,TURTLE WEALTH MANAGEMENT PVT. LTD.
704,TVS CAPITAL FUNDS LIMITED
705,Twin Earth Securities Private Limited
706,UI Wealth Advisors Limited
707,ULJK FINANCIAL SERVICES PVT. LTD.
708,UNICON SECURITIES PRIVATE LIMITED
709,UNIFI CAPITAL PRIVATE LIMITED
710,UNIQUE ASSET MANAGEMENT LLP
711,UNIT TRUST OF INDIA INVESTMENT ADVISORY
712,UNITED CREDIT FINANCIAL SER.LTD
713,United Credit Ltd
714,UTI ASSET MANAGEMENT COMPANY PVT LTD
715,UTI Securities Exchange Ltd
716,V. P. Consultants Private Limited
717,Val-Q Investment Advisory Private Limited
718,Valcreate Investment Managers LLP
719,VALENTIS ADVISORS PRIVATE LIMITED
720,Vallum Capital Advisors Private Limited
721,Value Prolific Investments & Consulting Private Limited
722,ValueQuest Capital LLP
723,VALUEQUEST INVESTMENT ADVISORS PVT. LTD.
724,VARANIUM CAPITAL ADVISORS PRIVATE LIMITED
725,Vatsa Corporation Ltd.
726,VCAM INVESTMENT MANAGERS PVT. LTD.
727,VENTURA SECURITIES LIMITED
728,VITOR FUND MANAGERS LLP
729,VLS Securities Limited
730,Wadhawan Wealth Managers Private Limited
731,WALL STREET FINANCE LIMITED
732,Wallfort PMS & Advisory Services LLP 
733,WAY2WEALTH  BROKERS PRIVATE LTD.
734,WEALTH ADVISORS (INDIA) PRIVATE LIMITED
735,WEALTH ADVISORS (INDIA) PRIVATE LIMITED
736,WEALTH FIRST PORTFOLIO MANAGERS LIMITED
737,WEALTH FIRST PORTFOLIO MANAGERS PVT LTD
738,WEALTH MANAGEMENT ADVISORY SERVICES LTD.
739,WEALTH MANAGERS (INDIA) PRIVATE LIMITED
740,WEALTHBRIDGE CAPITAL ADVISORS PRIVATE LIMITED
741,WEGMANS FINANCIAL SERVICES LTD.
742,Weizmann Ltd.
743,WELLWORTH SHARE AND STOCK BROKING LTD
744,White Oak Capital Management Consultants LLP
745,White Stone Financial Advisors Private Limited
746,White Whale Partners LLP
747,WILLOW ADVISORS LLP
748,Wisdom Equities Management Private Limited
749,Wizemarkets Analytics Private Limited
750,Wyridian Advisors LLP
751,YASH MANAGEMENT AND FINANCIAL SERVICES
752,YES BANK Ltd.
753,ZEN WEALTH MANAGEMENT SERVICES LIMITED
754,ZURICH ASSET MANAGEMENT COMPANY (INDIA) PVT LTD
